﻿<?xml version="1.0" encoding="utf-8"?>
<root>
	<libraryserver url="http://localhost:8001/dp2library" username="supervisor" password=""/>

	<databases>
		<database name="中文图书" alias="cbook">
			<use value="4" from="题名" />
			<use value="7" from="ISBN" />
			<use value="8" from="ISSN" />
			<use value="21" from="主题词" />
			<use value="1003" from="责任者" />
		</database>
		<database name="英文图书" alias="ebook">
			<use value="4" from="题名" />
			<use value="7" from="ISBN" />
			<use value="8" from="ISSN" />
			<use value="21" from="主题词" />
			<use value="1003" from="责任者" />
		</database>

	</databases>

</root>