﻿<?xml version="1.0" encoding="utf-8"?>
<root newStyle="true">
	<titleBarControl>
		<leftAnchor lang="zh">
			<a href="http://dp2003.com">图书馆主页</a>
		</leftAnchor>
		<leftAnchor lang="en">
			<a href="http://dp2003.com">Library homepage</a>
		</leftAnchor>

		<titleLeft>
			<img class='title_logo' src="./stylenew/%styledir%/title_logo.gif" />
		</titleLeft>

		<userType type="librarian" titletext="一切为了读者" style="0" name="欢迎你:%userid%" />
		<userType type="notlogin" titletext="请先登录" style="0" />
		<userType type="public" titletext="图书馆是知识的海洋" style="0" />

		<statisColumn visible="notlogin,public,reader,librarian" />
	</titleBarControl>

	<libraries>
			<cssMacroTable>
				<item name="%backgroundColor%">#8599a9</item>
			</cssMacroTable>

	</libraries>
</root>